-- MySQL dump 10.13  Distrib 8.0.28, for Win64 (x86_64)
--
-- Host: localhost    Database: iot
-- ------------------------------------------------------
-- Server version	8.0.28

/*!40101 SET @OLD_CHARACTER_SET_CLIENT=@@CHARACTER_SET_CLIENT */;
/*!40101 SET @OLD_CHARACTER_SET_RESULTS=@@CHARACTER_SET_RESULTS */;
/*!40101 SET @OLD_COLLATION_CONNECTION=@@COLLATION_CONNECTION */;
/*!50503 SET NAMES utf8 */;
/*!40103 SET @OLD_TIME_ZONE=@@TIME_ZONE */;
/*!40103 SET TIME_ZONE='+00:00' */;
/*!40014 SET @OLD_UNIQUE_CHECKS=@@UNIQUE_CHECKS, UNIQUE_CHECKS=0 */;
/*!40014 SET @OLD_FOREIGN_KEY_CHECKS=@@FOREIGN_KEY_CHECKS, FOREIGN_KEY_CHECKS=0 */;
/*!40101 SET @OLD_SQL_MODE=@@SQL_MODE, SQL_MODE='NO_AUTO_VALUE_ON_ZERO' */;
/*!40111 SET @OLD_SQL_NOTES=@@SQL_NOTES, SQL_NOTES=0 */;

--
-- Table structure for table `cososudung`
--

DROP TABLE IF EXISTS `cososudung`;
/*!40101 SET @saved_cs_client     = @@character_set_client */;
/*!50503 SET character_set_client = utf8mb4 */;
CREATE TABLE `cososudung` (
  `ID_cososudung` int NOT NULL AUTO_INCREMENT,
  `DiaDiem` varchar(255) NOT NULL,
  PRIMARY KEY (`ID_cososudung`)
) ENGINE=InnoDB AUTO_INCREMENT=2 DEFAULT CHARSET=utf8mb4 COLLATE=utf8mb4_0900_ai_ci;
/*!40101 SET character_set_client = @saved_cs_client */;

--
-- Dumping data for table `cososudung`
--

LOCK TABLES `cososudung` WRITE;
/*!40000 ALTER TABLE `cososudung` DISABLE KEYS */;
INSERT INTO `cososudung` VALUES (1,'PTIT');
/*!40000 ALTER TABLE `cososudung` ENABLE KEYS */;
UNLOCK TABLES;

--
-- Table structure for table `khoangrac`
--

DROP TABLE IF EXISTS `khoangrac`;
/*!40101 SET @saved_cs_client     = @@character_set_client */;
/*!50503 SET character_set_client = utf8mb4 */;
CREATE TABLE `khoangrac` (
  `ID_khoangrac` int NOT NULL AUTO_INCREMENT,
  `ID_Thungrac` int NOT NULL,
  `SoLanDo` int NOT NULL,
  `TenNhan` varchar(255) NOT NULL,
  `NgayDoRac` date NOT NULL,
  PRIMARY KEY (`ID_khoangrac`),
  KEY `ID_Thungrac` (`ID_Thungrac`),
  CONSTRAINT `khoangrac_ibfk_1` FOREIGN KEY (`ID_Thungrac`) REFERENCES `thungrac` (`ID_thungrac`)
) ENGINE=InnoDB AUTO_INCREMENT=7 DEFAULT CHARSET=utf8mb4 COLLATE=utf8mb4_0900_ai_ci;
/*!40101 SET character_set_client = @saved_cs_client */;

--
-- Dumping data for table `khoangrac`
--

LOCK TABLES `khoangrac` WRITE;
/*!40000 ALTER TABLE `khoangrac` DISABLE KEYS */;
INSERT INTO `khoangrac` VALUES (1,1,7,'box_cardboard_paper','2022-11-22'),(2,1,4,'glass_metal_plastic','2022-11-22'),(3,1,4,'organic','2022-11-22'),(4,1,5,'other','2022-11-22'),(5,2,0,'box_cardboard_paper','0000-00-00'),(6,2,0,'organic','0000-00-00');
/*!40000 ALTER TABLE `khoangrac` ENABLE KEYS */;
UNLOCK TABLES;

--
-- Table structure for table `ractrongkhoang`
--

DROP TABLE IF EXISTS `ractrongkhoang`;
/*!40101 SET @saved_cs_client     = @@character_set_client */;
/*!50503 SET character_set_client = utf8mb4 */;
CREATE TABLE `ractrongkhoang` (
  `ID_ractrongkhoang` int NOT NULL AUTO_INCREMENT,
  `ID_khoangrac` int NOT NULL,
  `AnhRac` varchar(255) NOT NULL,
  `NgayRacVao` date NOT NULL,
  `KhoiLuong` float NOT NULL,
  PRIMARY KEY (`ID_ractrongkhoang`),
  KEY `ID_khoangrac` (`ID_khoangrac`),
  CONSTRAINT `ractrongkhoang_ibfk_1` FOREIGN KEY (`ID_khoangrac`) REFERENCES `khoangrac` (`ID_khoangrac`)
) ENGINE=InnoDB AUTO_INCREMENT=348 DEFAULT CHARSET=utf8mb4 COLLATE=utf8mb4_0900_ai_ci;
/*!40101 SET character_set_client = @saved_cs_client */;

--
-- Dumping data for table `ractrongkhoang`
--

LOCK TABLES `ractrongkhoang` WRITE;
/*!40000 ALTER TABLE `ractrongkhoang` DISABLE KEYS */;
INSERT INTO `ractrongkhoang` VALUES (1,1,'\"D:\\PTIT\\IoT\\project\\static\\images\\paper575.jpg\"','2022-11-01',10),(2,1,'\"D:\\PTIT\\IoT\\project\\static\\images\\paper576.jpg\"','2022-11-02',10),(3,1,'\"D:\\PTIT\\IoT\\project\\static\\images\\paper577.jpg\"','2022-11-03',20),(4,2,'\"D:\\PTIT\\IoT\\project\\static\\images\\paper577.jpg\"','2022-11-02',5),(5,3,'\"D:\\PTIT\\IoT\\project\\static\\images\\paper577.jpg\"','2022-11-01',10),(6,2,'\"D:\\PTIT\\IoT\\project\\static\\images\\paper577.jpg\"','2022-11-09',10),(7,4,'\"D:\\PTIT\\IoT\\project\\static\\images\\paper577.jpg\"','2022-11-10',20),(8,1,'\"D:\\PTIT\\IoT\\project\\static\\images\\paper577.jpg\"','2022-11-01',10),(9,3,'\"D:\\PTIT\\IoT\\project\\static\\images\\paper577.jpg\"','2022-11-02',40),(10,4,'\"D:\\PTIT\\IoT\\project\\static\\images\\paper577.jpg\"','2022-11-03',15),(11,5,'\"D:\\PTIT\\IoT\\project\\static\\images\\paper577.jpg\"','2022-11-17',20),(72,1,'staticimages2022-11-1820221118142246898332.jpg','2022-11-18',10),(73,1,'staticimages2022-11-1820221118142246953579.jpg','2022-11-18',10),(74,1,'staticimages2022-11-1820221118142246999916.jpg','2022-11-18',10),(75,1,'staticimages2022-11-1820221118142247042629.jpg','2022-11-18',10),(76,1,'staticimages2022-11-1820221118142247085661.jpg','2022-11-18',10),(77,1,'staticimages2022-11-1820221118142247132832.jpg','2022-11-18',10),(78,1,'staticimages2022-11-1820221118142247185868.jpg','2022-11-18',10),(79,1,'staticimages2022-11-1820221118142247227495.jpg','2022-11-18',10),(80,1,'staticimages2022-11-1820221118142247270435.jpg','2022-11-18',10),(81,1,'staticimages2022-11-1820221118142247308438.jpg','2022-11-18',10),(82,1,'staticimages2022-11-1820221118142247348227.jpg','2022-11-18',10),(83,1,'staticimages2022-11-1820221118142247390387.jpg','2022-11-18',10),(84,1,'staticimages2022-11-1820221118142247436243.jpg','2022-11-18',10),(85,1,'staticimages2022-11-1820221118142247479512.jpg','2022-11-18',10),(86,1,'staticimages2022-11-1820221118142247522052.jpg','2022-11-18',10),(87,1,'staticimages2022-11-1820221118142247562795.jpg','2022-11-18',10),(88,1,'staticimages2022-11-1820221118142247605597.jpg','2022-11-18',10),(89,1,'staticimages2022-11-1820221118142247648585.jpg','2022-11-18',10),(90,1,'staticimages2022-11-1820221118142247699280.jpg','2022-11-18',10),(91,1,'staticimages2022-11-1820221118142247736738.jpg','2022-11-18',10),(92,1,'staticimages2022-11-1820221118142247775241.jpg','2022-11-18',10),(93,1,'staticimages2022-11-1820221118142247816447.jpg','2022-11-18',10),(94,1,'staticimages2022-11-1820221118142247860219.jpg','2022-11-18',10),(95,1,'staticimages2022-11-1820221118142247910353.jpg','2022-11-18',10),(96,1,'staticimages2022-11-1820221118142247957289.jpg','2022-11-18',10),(97,1,'staticimages2022-11-1820221118142248006280.jpg','2022-11-18',10),(98,1,'staticimages2022-11-1820221118142248046807.jpg','2022-11-18',10),(99,1,'staticimages2022-11-1820221118142248086336.jpg','2022-11-18',10),(100,1,'staticimages2022-11-1820221118142248127277.jpg','2022-11-18',10),(101,1,'staticimages2022-11-1820221118142248166785.jpg','2022-11-18',10),(102,1,'staticimages2022-11-1820221118142248217932.jpg','2022-11-18',10),(103,1,'staticimages2022-11-1820221118142248257732.jpg','2022-11-18',10),(104,1,'staticimages2022-11-1820221118142248300023.jpg','2022-11-18',10),(105,1,'staticimages2022-11-1820221118142248351059.jpg','2022-11-18',10),(106,1,'staticimages2022-11-1820221118142248394078.jpg','2022-11-18',10),(107,1,'staticimages2022-11-1820221118142248438056.jpg','2022-11-18',10),(108,1,'staticimages2022-11-1820221118142248480194.jpg','2022-11-18',10),(109,1,'staticimages2022-11-1820221118142248527649.jpg','2022-11-18',10),(110,1,'staticimages2022-11-1820221118142248571405.jpg','2022-11-18',10),(111,1,'staticimages2022-11-1820221118142248618660.jpg','2022-11-18',10),(112,1,'staticimages2022-11-1820221118142248663644.jpg','2022-11-18',10),(113,1,'staticimages2022-11-1820221118142248701618.jpg','2022-11-18',10),(114,1,'staticimages2022-11-1820221118142248743238.jpg','2022-11-18',10),(115,1,'staticimages2022-11-1820221118142248783257.jpg','2022-11-18',10),(116,1,'staticimages2022-11-1820221118142248823810.jpg','2022-11-18',10),(117,1,'staticimages2022-11-1820221118142248868864.jpg','2022-11-18',10),(118,1,'staticimages2022-11-1820221118142248909737.jpg','2022-11-18',10),(119,1,'staticimages2022-11-1820221118142248951538.jpg','2022-11-18',10),(120,1,'staticimages2022-11-1820221118142248991392.jpg','2022-11-18',10),(121,1,'staticimages2022-11-1820221118142249035814.jpg','2022-11-18',10),(122,1,'staticimages2022-11-1820221118142249079591.jpg','2022-11-18',10),(123,1,'staticimages2022-11-1820221118142249129322.jpg','2022-11-18',10),(124,1,'staticimages2022-11-1820221118142249170663.jpg','2022-11-18',10),(125,1,'staticimages2022-11-1820221118142249211474.jpg','2022-11-18',10),(126,1,'staticimages2022-11-1820221118142249251338.jpg','2022-11-18',10),(127,1,'staticimages2022-11-1820221118142249292717.jpg','2022-11-18',10),(128,1,'staticimages2022-11-1820221118142249334696.jpg','2022-11-18',10),(129,1,'staticimages2022-11-1820221118142249372630.jpg','2022-11-18',10),(130,1,'staticimages2022-11-1820221118142249411410.jpg','2022-11-18',10),(131,1,'staticimages2022-11-1820221118142249457361.jpg','2022-11-18',10),(132,1,'staticimages2022-11-1820221118142249507080.jpg','2022-11-18',10),(133,1,'staticimages2022-11-1820221118142249550166.jpg','2022-11-18',10),(134,1,'staticimages2022-11-1820221118142249594298.jpg','2022-11-18',10),(135,1,'staticimages2022-11-1820221118142249644004.jpg','2022-11-18',10),(136,1,'staticimages2022-11-1820221118142249685027.jpg','2022-11-18',10),(137,1,'staticimages2022-11-1820221118142249728080.jpg','2022-11-18',10),(138,1,'staticimages2022-11-1820221118142249767280.jpg','2022-11-18',10),(139,1,'staticimages2022-11-1820221118142249809793.jpg','2022-11-18',10),(140,1,'staticimages2022-11-1820221118142249859338.jpg','2022-11-18',10),(141,1,'20221121224906032468.jpg','2022-11-21',10),(142,1,'20221121224906228322.jpg','2022-11-21',10),(143,1,'20221121224906314454.jpg','2022-11-21',10),(144,1,'20221121224906370014.jpg','2022-11-21',10),(145,1,'20221121224906437760.jpg','2022-11-21',10),(146,1,'20221121224906513037.jpg','2022-11-21',10),(147,1,'20221121224906575408.jpg','2022-11-21',10),(148,1,'20221121224906640781.jpg','2022-11-21',10),(149,1,'20221121224906732633.jpg','2022-11-21',10),(150,1,'20221121224906805941.jpg','2022-11-21',10),(151,1,'20221121224906863146.jpg','2022-11-21',10),(152,1,'20221121224906921270.jpg','2022-11-21',10),(153,1,'20221121224906983148.jpg','2022-11-21',10),(154,1,'20221121224907056869.jpg','2022-11-21',10),(155,1,'20221121224907130606.jpg','2022-11-21',10),(156,1,'20221121224907192199.jpg','2022-11-21',10),(157,1,'20221121224907288050.jpg','2022-11-21',10),(158,1,'20221121224907357592.jpg','2022-11-21',10),(159,1,'20221121224907416076.jpg','2022-11-21',10),(160,1,'20221121224907496646.jpg','2022-11-21',10),(161,1,'20221121224907572191.jpg','2022-11-21',10),(162,1,'20221121224907648730.jpg','2022-11-21',10),(163,1,'20221121224907697561.jpg','2022-11-21',10),(164,1,'20221121224907775482.jpg','2022-11-21',10),(165,1,'20221121224907851101.jpg','2022-11-21',10),(166,1,'20221121224907933281.jpg','2022-11-21',10),(167,1,'20221121224908000274.jpg','2022-11-21',10),(168,1,'20221121224908084463.jpg','2022-11-21',10),(169,1,'20221121224908155271.jpg','2022-11-21',10),(170,1,'20221121224908222544.jpg','2022-11-21',10),(171,1,'20221121224908269445.jpg','2022-11-21',10),(172,1,'20221121224908330328.jpg','2022-11-21',10),(173,2,'20221122110027726559.jpg','2022-11-22',10),(174,2,'20221122110028539164.jpg','2022-11-22',10),(175,2,'20221122110029152679.jpg','2022-11-22',10),(176,2,'20221122110029768794.jpg','2022-11-22',10),(177,2,'20221122110030383203.jpg','2022-11-22',10),(178,2,'20221122110030996277.jpg','2022-11-22',10),(179,2,'20221122110031609433.jpg','2022-11-22',10),(180,2,'20221122114331798355.jpg','2022-11-22',10),(181,2,'20221122114331993080.jpg','2022-11-22',10),(182,2,'20221122114332196415.jpg','2022-11-22',10),(183,2,'20221122114332403522.jpg','2022-11-22',10),(184,2,'20221122114332602532.jpg','2022-11-22',10),(185,2,'20221122114332809321.jpg','2022-11-22',10),(186,2,'20221122114333010592.jpg','2022-11-22',10),(187,2,'20221122114333112855.jpg','2022-11-22',10),(188,2,'20221122114333424426.jpg','2022-11-22',10),(189,2,'20221122114333637312.jpg','2022-11-22',10),(190,2,'20221122114333834402.jpg','2022-11-22',10),(191,2,'20221122114334034885.jpg','2022-11-22',10),(192,2,'20221122114334242068.jpg','2022-11-22',10),(193,2,'20221122114334332856.jpg','2022-11-22',10),(194,2,'20221122114334448794.jpg','2022-11-22',10),(195,2,'20221122114334655969.jpg','2022-11-22',10),(196,2,'20221122114334734844.jpg','2022-11-22',10),(197,2,'20221122114334868582.jpg','2022-11-22',10),(198,2,'20221122114335062530.jpg','2022-11-22',10),(199,2,'20221122114335261224.jpg','2022-11-22',10),(200,2,'20221122114335472119.jpg','2022-11-22',10),(201,2,'20221122114335676933.jpg','2022-11-22',10),(202,2,'20221122114454206887.jpg','2022-11-22',10),(203,2,'20221122114456411527.jpg','2022-11-22',10),(204,2,'20221122114456691994.jpg','2022-11-22',10),(205,2,'20221122114457132656.jpg','2022-11-22',10),(206,2,'20221122114457582916.jpg','2022-11-22',10),(207,2,'20221122114457931641.jpg','2022-11-22',10),(208,2,'20221122114458341853.jpg','2022-11-22',10),(209,2,'20221122114458795258.jpg','2022-11-22',10),(210,2,'20221122114459173657.jpg','2022-11-22',10),(211,2,'20221122114459613690.jpg','2022-11-22',10),(212,2,'20221122115312848869.jpg','2022-11-22',10),(213,2,'20221122115313192101.jpg','2022-11-22',10),(214,2,'20221122115313579922.jpg','2022-11-22',10),(215,2,'20221122115313994575.jpg','2022-11-22',10),(216,2,'20221122115314460991.jpg','2022-11-22',10),(217,2,'20221122115314785879.jpg','2022-11-22',10),(218,2,'20221122115315239713.jpg','2022-11-22',10),(219,2,'20221122115315650232.jpg','2022-11-22',10),(220,2,'20221122115316047259.jpg','2022-11-22',10),(221,2,'20221122115316428282.jpg','2022-11-22',10),(222,2,'20221122115316883185.jpg','2022-11-22',10),(223,2,'20221122115317248886.jpg','2022-11-22',10),(224,2,'20221122115317670056.jpg','2022-11-22',10),(225,2,'20221122115319702335.jpg','2022-11-22',10),(226,2,'20221122115321727360.jpg','2022-11-22',10),(227,2,'20221122115321988652.jpg','2022-11-22',10),(228,2,'20221122115324188415.jpg','2022-11-22',10),(229,2,'20221122115324623864.jpg','2022-11-22',10),(230,2,'20221122115325050702.jpg','2022-11-22',10),(231,2,'20221122115327062349.jpg','2022-11-22',10),(232,2,'20221122115327484583.jpg','2022-11-22',10),(233,2,'20221122115329681857.jpg','2022-11-22',10),(234,2,'20221122115329935129.jpg','2022-11-22',10),(235,2,'20221122115330362892.jpg','2022-11-22',10),(236,2,'20221122115330782409.jpg','2022-11-22',10),(237,2,'20221122115331199958.jpg','2022-11-22',10),(238,2,'20221122115332036265.jpg','2022-11-22',10),(239,2,'20221122115334212893.jpg','2022-11-22',10),(240,3,'20221122115719612170.jpg','2022-11-22',10),(241,3,'20221122115720169364.jpg','2022-11-22',10),(242,3,'20221122115720591611.jpg','2022-11-22',10),(243,3,'20221122115720986829.jpg','2022-11-22',10),(244,3,'20221122115721384247.jpg','2022-11-22',10),(245,3,'20221122115721805417.jpg','2022-11-22',10),(246,3,'20221122115722209935.jpg','2022-11-22',10),(247,3,'20221122115722672822.jpg','2022-11-22',10),(248,3,'20221122115723006031.jpg','2022-11-22',10),(249,3,'20221122115723454975.jpg','2022-11-22',10),(250,3,'20221122115723836479.jpg','2022-11-22',10),(251,3,'20221122115724292956.jpg','2022-11-22',10),(252,4,'20221122115744423170.jpg','2022-11-22',10),(253,4,'20221122115744935644.jpg','2022-11-22',10),(254,4,'20221122115745384808.jpg','2022-11-22',10),(255,4,'20221122115745752598.jpg','2022-11-22',10),(256,4,'20221122115746188261.jpg','2022-11-22',10),(257,4,'20221122115746593309.jpg','2022-11-22',10),(258,4,'20221122115747011678.jpg','2022-11-22',10),(259,4,'20221122115747413681.jpg','2022-11-22',10),(260,4,'20221122115747817838.jpg','2022-11-22',10),(261,1,'20221122115940642222.jpg','2022-11-22',10),(262,1,'20221122115941034130.jpg','2022-11-22',10),(263,1,'20221122115941480681.jpg','2022-11-22',10),(264,1,'20221122115941852375.jpg','2022-11-22',10),(265,1,'20221122115942296561.jpg','2022-11-22',10),(266,1,'20221122115942646662.jpg','2022-11-22',10),(267,1,'20221122115942882394.jpg','2022-11-22',10),(268,1,'20221122115943264937.jpg','2022-11-22',10),(269,1,'20221122115943474921.jpg','2022-11-22',10),(270,1,'20221122115943922688.jpg','2022-11-22',10),(271,1,'20221122115944306762.jpg','2022-11-22',10),(272,1,'20221122115944734128.jpg','2022-11-22',10),(273,1,'20221122115945142704.jpg','2022-11-22',10),(274,1,'20221122121930648879.jpg','2022-11-22',10),(275,1,'20221122121931192003.jpg','2022-11-22',10),(276,4,'20221122121931609625.jpg','2022-11-22',10),(277,4,'20221122121933596777.jpg','2022-11-22',10),(278,4,'20221122121934024829.jpg','2022-11-22',10),(279,4,'20221122121934440683.jpg','2022-11-22',10),(280,4,'20221122121934880702.jpg','2022-11-22',10),(281,4,'20221122121935262518.jpg','2022-11-22',10),(282,4,'20221122121935687072.jpg','2022-11-22',10),(283,4,'20221122121936669956.jpg','2022-11-22',10),(284,4,'20221122121940562335.jpg','2022-11-22',10),(285,4,'20221122121942399858.jpg','2022-11-22',10),(286,4,'20221122121944247376.jpg','2022-11-22',10),(287,4,'20221122121945470329.jpg','2022-11-22',10),(288,4,'20221122121946503727.jpg','2022-11-22',10),(289,4,'20221122121947731694.jpg','2022-11-22',10),(290,4,'20221122121948346481.jpg','2022-11-22',10),(291,1,'20221122121948760608.jpg','2022-11-22',10),(292,1,'20221122121949168559.jpg','2022-11-22',10),(293,1,'20221122121949621421.jpg','2022-11-22',10),(294,1,'20221122121950024609.jpg','2022-11-22',10),(295,1,'20221122121950321313.jpg','2022-11-22',10),(296,1,'20221122121950602480.jpg','2022-11-22',10),(297,1,'20221122121951025575.jpg','2022-11-22',10),(298,1,'20221122121951427143.jpg','2022-11-22',10),(299,1,'20221122121951919997.jpg','2022-11-22',10),(300,4,'20221122122004322294.jpg','2022-11-22',10),(301,4,'20221122122004742210.jpg','2022-11-22',10),(302,4,'20221122122008414075.jpg','2022-11-22',10),(303,4,'20221122122009846096.jpg','2022-11-22',10),(304,4,'20221122122010468114.jpg','2022-11-22',10),(305,1,'20221122122011691261.jpg','2022-11-22',10),(306,4,'20221122122449313860.jpg','2022-11-22',10),(307,4,'20221122122454195494.jpg','2022-11-22',10),(308,1,'20221122125139144028.jpg','2022-11-22',10),(309,1,'20221122125139981930.jpg','2022-11-22',10),(310,3,'20221122125140808884.jpg','2022-11-22',10),(311,3,'20221122125141634139.jpg','2022-11-22',10),(312,3,'20221122125142432951.jpg','2022-11-22',10),(313,3,'20221122125143244168.jpg','2022-11-22',10),(314,3,'20221122125144082538.jpg','2022-11-22',10),(315,3,'20221122125144880048.jpg','2022-11-22',10),(316,3,'20221122125145603842.jpg','2022-11-22',10),(317,3,'20221122125146414170.jpg','2022-11-22',10),(318,3,'20221122125147224530.jpg','2022-11-22',10),(319,1,'20221122125147997923.jpg','2022-11-22',10),(320,1,'20221122125148773942.jpg','2022-11-22',10),(321,1,'20221122125149586135.jpg','2022-11-22',10),(322,1,'20221122125150408069.jpg','2022-11-22',10),(323,1,'20221122125151220177.jpg','2022-11-22',10),(324,1,'20221122125151942188.jpg','2022-11-22',10),(325,1,'20221122125152754865.jpg','2022-11-22',10),(326,1,'20221122125153482129.jpg','2022-11-22',10),(327,1,'20221122125154323219.jpg','2022-11-22',10),(328,1,'20221122125155121221.jpg','2022-11-22',10),(329,1,'20221122125155862818.jpg','2022-11-22',10),(330,1,'20221122125200219039.jpg','2022-11-22',10),(331,1,'20221122125200968712.jpg','2022-11-22',10),(332,1,'20221122125201764198.jpg','2022-11-22',10),(333,1,'20221122125202582346.jpg','2022-11-22',10),(334,1,'20221122125203413920.jpg','2022-11-22',10),(335,1,'20221122125204147204.jpg','2022-11-22',10),(336,1,'20221122125204941099.jpg','2022-11-22',10),(337,1,'20221122125205661654.jpg','2022-11-22',10),(338,1,'20221122125206377386.jpg','2022-11-22',10),(339,1,'20221122125207210701.jpg','2022-11-22',10),(340,1,'20221122125208053507.jpg','2022-11-22',10),(341,1,'20221122125208843666.jpg','2022-11-22',10),(342,1,'20221122125209654327.jpg','2022-11-22',10),(343,1,'20221122125210470264.jpg','2022-11-22',10),(344,1,'20221122125211327821.jpg','2022-11-22',10),(345,1,'20221122125212137252.jpg','2022-11-22',10),(346,1,'20221122125212934158.jpg','2022-11-22',10),(347,1,'20221122125213773322.jpg','2022-11-22',10);
/*!40000 ALTER TABLE `ractrongkhoang` ENABLE KEYS */;
UNLOCK TABLES;

--
-- Table structure for table `thungrac`
--

DROP TABLE IF EXISTS `thungrac`;
/*!40101 SET @saved_cs_client     = @@character_set_client */;
/*!50503 SET character_set_client = utf8mb4 */;
CREATE TABLE `thungrac` (
  `ID_thungrac` int NOT NULL AUTO_INCREMENT,
  `ID_cososudung` int NOT NULL,
  `ViTriThungRac` varchar(255) NOT NULL,
  PRIMARY KEY (`ID_thungrac`),
  KEY `ID_cososudung` (`ID_cososudung`),
  CONSTRAINT `thungrac_ibfk_1` FOREIGN KEY (`ID_cososudung`) REFERENCES `cososudung` (`ID_cososudung`)
) ENGINE=InnoDB AUTO_INCREMENT=4 DEFAULT CHARSET=utf8mb4 COLLATE=utf8mb4_0900_ai_ci;
/*!40101 SET character_set_client = @saved_cs_client */;

--
-- Dumping data for table `thungrac`
--

LOCK TABLES `thungrac` WRITE;
/*!40000 ALTER TABLE `thungrac` DISABLE KEYS */;
INSERT INTO `thungrac` VALUES (1,1,'Cong Truong'),(2,1,'Canteen'),(3,1,'A3');
/*!40000 ALTER TABLE `thungrac` ENABLE KEYS */;
UNLOCK TABLES;

--
-- Table structure for table `users`
--

DROP TABLE IF EXISTS `users`;
/*!40101 SET @saved_cs_client     = @@character_set_client */;
/*!50503 SET character_set_client = utf8mb4 */;
CREATE TABLE `users` (
  `ID_users` int NOT NULL AUTO_INCREMENT,
  `accounts` varchar(255) NOT NULL,
  `passwords` varchar(255) NOT NULL,
  PRIMARY KEY (`ID_users`)
) ENGINE=InnoDB AUTO_INCREMENT=4 DEFAULT CHARSET=utf8mb4 COLLATE=utf8mb4_0900_ai_ci;
/*!40101 SET character_set_client = @saved_cs_client */;

--
-- Dumping data for table `users`
--

LOCK TABLES `users` WRITE;
/*!40000 ALTER TABLE `users` DISABLE KEYS */;
INSERT INTO `users` VALUES (1,'hau','hau'),(2,'huy','huy'),(3,'hieu','hieu');
/*!40000 ALTER TABLE `users` ENABLE KEYS */;
UNLOCK TABLES;
/*!40103 SET TIME_ZONE=@OLD_TIME_ZONE */;

/*!40101 SET SQL_MODE=@OLD_SQL_MODE */;
/*!40014 SET FOREIGN_KEY_CHECKS=@OLD_FOREIGN_KEY_CHECKS */;
/*!40014 SET UNIQUE_CHECKS=@OLD_UNIQUE_CHECKS */;
/*!40101 SET CHARACTER_SET_CLIENT=@OLD_CHARACTER_SET_CLIENT */;
/*!40101 SET CHARACTER_SET_RESULTS=@OLD_CHARACTER_SET_RESULTS */;
/*!40101 SET COLLATION_CONNECTION=@OLD_COLLATION_CONNECTION */;
/*!40111 SET SQL_NOTES=@OLD_SQL_NOTES */;

-- Dump completed on 2022-11-22 13:06:35
